MAKE_CODE,MAKE_NAME,MODEL_CODE,MODEL_DESC
E1001,ALFA ROMEO,E1001002,156
E1001,ALFA ROMEO,E1001003,166
E1001,ALFA ROMEO,E1001004,GT
E1001,ALFA ROMEO,E1001005,SPIDER
E1001,ALFA ROMEO,E1001006,159
E1001,ALFA ROMEO,E1001007,BRERA
E1001,ALFA ROMEO,E1001008,MITO
E1001,ALFA ROMEO,E1001009,GIULIETTA
E1001,ALFA ROMEO,E1001010,4C
E1001,ALFA ROMEO,E1001010,4C
E1001,ALFA ROMEO,E1001011,GIULIA
E1001,ALFA ROMEO,E1001012,STELVIO
E1002,ASTON MARTIN,E1002001,DB7
E1002,ASTON MARTIN,E1002001,DB7
E1002,ASTON MARTIN,E1002002,VANQUISH
E1002,ASTON MARTIN,E1002002,VANQUISH
E1002,ASTON MARTIN,E1002003,DB9
E1002,ASTON MARTIN,E1002003,DB9
E1002,ASTON MARTIN,E1002004,VANTAGE
E1002,ASTON MARTIN,E1002004,VANTAGE
E1002,ASTON MARTIN,E1002005,DBS
E1002,ASTON MARTIN,E1002005,DBS
E1002,ASTON MARTIN,E1002006,ONE-77
E1002,ASTON MARTIN,E1002007,RAPIDE
E1002,ASTON MARTIN,E1002008,CYGNET
E1002,ASTON MARTIN,E1002009,VIRAGE
E1002,ASTON MARTIN,E1002009,VIRAGE
E1002,ASTON MARTIN,E1002010,ZAGATO
E1002,ASTON MARTIN,E1002011,DB11
E1002,ASTON MARTIN,E1002012,LAGONDA
E1002,ASTON MARTIN,E1002013,VULCAN
E1003,AUDI,E1003001,A3
E1003,AUDI,E1003001,A3
E1003,AUDI,E1003001,A3
E1003,AUDI,E1003002,A4
E1003,AUDI,E1003002,A4
E1003,AUDI,E1003003,A6
E1003,AUDI,E1003004,A8
E1003,AUDI,E1003005,ALLROAD
E1003,AUDI,E1003006,S4
E1003,AUDI,E1003006,S4
E1003,AUDI,E1003007,S6
E1003,AUDI,E1003007,S6
E1003,AUDI,E1003008,S8
E1003,AUDI,E1003009,TT
E1003,AUDI,E1003009,TT
E1003,AUDI,E1003010,RS4
E1003,AUDI,E1003010,RS4
E1003,AUDI,E1003011,S3
E1003,AUDI,E1003011,S3
E1003,AUDI,E1003012,Q7
E1003,AUDI,E1003013,R8
E1003,AUDI,E1003013,R8
E1003,AUDI,E1003014,A5
E1003,AUDI,E1003014,A5
E1003,AUDI,E1003014,A5
E1003,AUDI,E1003015,RS6
E1003,AUDI,E1003015,RS6
E1003,AUDI,E1003015,RS6
E1003,AUDI,E1003016,Q5
E1003,AUDI,E1003017,S5
E1003,AUDI,E1003017,S5
E1003,AUDI,E1003017,S5
E1003,AUDI,E1003018,A1
E1003,AUDI,E1003018,A1
E1003,AUDI,E1003019,RS5
E1003,AUDI,E1003019,RS5
E1003,AUDI,E1003020,A7
E1003,AUDI,E1003021,Q3
E1003,AUDI,E1003022,S7
E1003,AUDI,E1003023,RS7
E1003,AUDI,E1003024,RS3
E1003,AUDI,E1003025,Q2
E1004,BMW,E1004001,3 SERIES
E1004,BMW,E1004001,3 SERIES
E1004,BMW,E1004001,3 SERIES
E1004,BMW,E1004001,3 SERIES
E1004,BMW,E1004001,3 SERIES
E1004,BMW,E1004002,5 SERIES
E1004,BMW,E1004003,6 SERIES
E1004,BMW,E1004003,6 SERIES
E1004,BMW,E1004003,6 SERIES
E1004,BMW,E1004004,7 SERIES
E1004,BMW,E1004005,X5
E1004,BMW,E1004006,Z4
E1004,BMW,E1004006,Z4
E1001,ALFA ROMEO,E1001001,147
E1004,BMW,E1004007,X3
E1004,BMW,E1004008,1 SERIES
E1004,BMW,E1004008,1 SERIES
E1004,BMW,E1004008,1 SERIES
E1004,BMW,E1004009,X6
E1004,BMW,E1004010,X1
E1004,BMW,E1004011,2 SERIES
E1004,BMW,E1004011,2 SERIES
E1004,BMW,E1004011,2 SERIES
E1004,BMW,E1004012,4 SERIES
E1004,BMW,E1004012,4 SERIES
E1004,BMW,E1004012,4 SERIES
E1004,BMW,E1004013,i3
E1004,BMW,E1004014,X4
E1004,BMW,E1004015,i8
E1004,BMW,E1004016,X2
E1005,CADILLAC,E1005001,CTS
E1005,CADILLAC,E1005001,CTS
E1005,CADILLAC,E1005002,DE VILLE
E1005,CADILLAC,E1005003,ESCALADE
E1005,CADILLAC,E1005004,SE VILLE
E1008,CITROEN,E1008010,DS5
E1008,CITROEN,E1008011,C ELYSEE
E1008,CITROEN,E1008012,DS4
E1008,CITROEN,E1008013,DS3
E1009,DAIHATSU,E1009001,SIRION
E1009,DAIHATSU,E1009002,TERIOS
E1009,DAIHATSU,E1009003,YR-V
E1009,DAIHATSU,E1009004,CHARADE
E1009,DAIHATSU,E1009005,MATERIA
E1009,DAIHATSU,E1009006,GRAN MAX
E1009,DAIHATSU,E1009007,GRAN MAX PICKUP
E1009,DAIHATSU,E1009008,GRAN MAX VAN
E1009,DAIHATSU,E1009008,GRAN MAX VAN
E1010,DODGE,E1010001,CARAVAN
E1010,DODGE,E1010001,CARAVAN
E1010,DODGE,E1010002,DAKOTA
E1010,DODGE,E1010002,DAKOTA
E1010,DODGE,E1010003,DURANGO
E1010,DODGE,E1010005,RAM
E1010,DODGE,E1010005,RAM
E1010,DODGE,E1010005,RAM
E1010,DODGE,E1010005,RAM
E1010,DODGE,E1010005,RAM
E1010,DODGE,E1010005,RAM
E1010,DODGE,E1010006,VIPER
E1010,DODGE,E1010006,VIPER
E1010,DODGE,E1010007,CHARGER
E1010,DODGE,E1010008,MAGNUM
E1010,DODGE,E1010009,STRATUS
E1010,DODGE,E1010009,STRATUS
E1010,DODGE,E1010010,GRAND CARAVAN
E1010,DODGE,E1010010,GRAND CARAVAN
E1010,DODGE,E1010011,CALIBER
E1010,DODGE,E1010012,NITRO
E1010,DODGE,E1010013,AVENGER
E1010,DODGE,E1010014,CHALLENGER
E1010,DODGE,E1010015,JOURNEY
E1010,DODGE,E1010016,DART
E1011,FERRARI,E1011001,360
E1011,FERRARI,E1011001,360
E1011,FERRARI,E1011002,F575
E1011,FERRARI,E1011003,612
E1011,FERRARI,E1011004,F430
E1011,FERRARI,E1011004,F430
E1011,FERRARI,E1011005,599
E1011,FERRARI,E1011006,CALIFORNIA
E1011,FERRARI,E1011007,458
E1011,FERRARI,E1011007,458
E1011,FERRARI,E1011008,F12
E1011,FERRARI,E1011009,FF
E1011,FERRARI,E1011010,LAFERRARI
E1011,FERRARI,E1011010,LAFERRARI
E1011,FERRARI,E1011011,488
E1011,FERRARI,E1011011,488
E1011,FERRARI,E1011012,GTC4
E1011,FERRARI,E1011013,812
E1011,FERRARI,E1011014,PORTOFINO
E1012,FIAT,E1012001,BARCHETTA
E1012,FIAT,E1012002,PUNTO
E1012,FIAT,E1012003,500
E1012,FIAT,E1012003,500
E1012,FIAT,E1012003,500
E1012,FIAT,E1012004,BRAVO
E1012,FIAT,E1012005,DUCATO
E1012,FIAT,E1012006,LINEA
E1012,FIAT,E1012007,FIORINO
E1013,FORD,E1013001,C-MAX
E1013,FORD,E1013002,CROWN VICTORIA
E1013,FORD,E1013003,ESCAPE
E1013,FORD,E1013004,EXCURSION
E1013,FORD,E1013005,EXPEDITION
E1013,FORD,E1013006,EXPLORER
E1013,FORD,E1013007,EXPLORER SPORT TRAC
E1013,FORD,E1013008,F-150
E1013,FORD,E1013008,F-150
E1013,FORD,E1013008,F-150
E1013,FORD,E1013008,F-150
E1013,FORD,E1013008,F-150
E1013,FORD,E1013008,F-150
E1013,FORD,E1013008,F-150
E1013,FORD,E1013008,F-150
E1013,FORD,E1013009,FIESTA
E1013,FORD,E1013010,FOCUS
E1013,FORD,E1013010,FOCUS
E1013,FORD,E1013010,FOCUS
E1013,FORD,E1013011,MONDEO
E1013,FORD,E1013011,MONDEO
E1013,FORD,E1013012,MUSTANG
E1013,FORD,E1013012,MUSTANG
E1013,FORD,E1013013,TAURUS
E1013,FORD,E1013014,THUNDERBIRD
E1013,FORD,E1013014,THUNDERBIRD
E1013,FORD,E1013015,TRANSIT
E1013,FORD,E1013016,TRANSIT CONNECT
E1013,FORD,E1013018,ECONOLINE
E1013,FORD,E1013019,F-250
E1013,FORD,E1013019,F-250
E1013,FORD,E1013020,FIVE HUNDRED
E1013,FORD,E1013021,FREESTYLE
E1013,FORD,E1013022,RANGER
E1013,FORD,E1013022,RANGER
E1013,FORD,E1013022,RANGER
E1013,FORD,E1013022,RANGER
E1013,FORD,E1013023,FUSION
E1013,FORD,E1013024,EDGE
E1013,FORD,E1013025,F-350
E1013,FORD,E1013025,F-350
E1013,FORD,E1013025,F-350
E1013,FORD,E1013026,F-450
E1013,FORD,E1013026,F-450
E1013,FORD,E1013026,F-450
E1013,FORD,E1013027,FLEX
E1013,FORD,E1013028,F-550
E1013,FORD,E1013028,F-550
E1013,FORD,E1013028,F-550
E1013,FORD,E1013029,FIGO
E1013,FORD,E1013030,ECOSPORT
E1013,FORD,E1013031,TOURNEO
E1013,FORD,E1013032,SUPER DUTY
E1013,FORD,E1013033,TRANSIT CUSTOM
E1014,GMC,E1014001,ENVOY
E1014,GMC,E1014002,SAVANA
E1014,GMC,E1014002,SAVANA
E1014,GMC,E1014002,SAVANA
E1014,GMC,E1014002,SAVANA
E1014,GMC,E1014003,SEIRRA
E1014,GMC,E1014003,SEIRRA
E1014,GMC,E1014003,SEIRRA
E1014,GMC,E1014003,SEIRRA
E1014,GMC,E1014003,SEIRRA
E1014,GMC,E1014003,SEIRRA
E1014,GMC,E1014003,SEIRRA
E1014,GMC,E1014003,SEIRRA
E1014,GMC,E1014003,SEIRRA
E1014,GMC,E1014003,SEIRRA
E1014,GMC,E1014003,SEIRRA
E1014,GMC,E1014003,SEIRRA
E1014,GMC,E1014003,SEIRRA
E1014,GMC,E1014003,SEIRRA
E1014,GMC,E1014003,SEIRRA
E1014,GMC,E1014003,SEIRRA
E1014,GMC,E1014003,SEIRRA
E1014,GMC,E1014003,SEIRRA
E1014,GMC,E1014003,SEIRRA
E1014,GMC,E1014003,SEIRRA
E1014,GMC,E1014003,SEIRRA
E1014,GMC,E1014004,YUKON
E1014,GMC,E1014005,ACADIA
E1014,GMC,E1014006,TERRAIN
E1015,HONDA,E1015001,ACCORD
E1015,HONDA,E1015002,CITY
E1015,HONDA,E1015003,CIVIC
E1015,HONDA,E1015003,CIVIC
E1015,HONDA,E1015004,CRV
E1015,HONDA,E1015005,HRV
E1015,HONDA,E1015006,JAZZ
E1015,HONDA,E1015007,MRV
E1015,HONDA,E1015008,ODYSSEY
E1015,HONDA,E1015009,S2000
E1015,HONDA,E1015010,PILOT
E1015,HONDA,E1015011,LEGEND
E1015,HONDA,E1015012,ACCORD COUPE
E1015,HONDA,E1015013,ACCORD CROSS TOUR
E1015,HONDA,E1015014,CROSSTOUR
E1015,HONDA,E1015015,ODYSSEY J
E1016,HUMMER,E1016001,H1
E1016,HUMMER,E1016001,H1
E1016,HUMMER,E1016001,H1
E1016,HUMMER,E1016001,H1
E1016,HUMMER,E1016002,H2
E1016,HUMMER,E1016003,H3
E1016,HUMMER,E1016004,H3T
E1017,HYUNDAI,E1016001,H1
E1017,HYUNDAI,E1017001,ACCENT
E1017,HYUNDAI,E1017002,AERO
E1017,HYUNDAI,E1017003,COUPE
E1017,HYUNDAI,E1017004,GETZ
E1017,HYUNDAI,E1017006,MATRIX
E1017,HYUNDAI,E1017007,TERRACAN
E1017,HYUNDAI,E1017008,TIBURON
E1017,HYUNDAI,E1017009,TRAJET
E1017,HYUNDAI,E1017010,ATOS
E1017,HYUNDAI,E1017011,ELANTRA
E1017,HYUNDAI,E1017012,SANTA FE
E1017,HYUNDAI,E1017013,SONATA
E1017,HYUNDAI,E1017014,TUCSON
E1017,HYUNDAI,E1017015,AZERA
E1017,HYUNDAI,E1017016,I 10
E1017,HYUNDAI,E1017017,VERACRUZ
E1017,HYUNDAI,E1017018,GENESIS
E1017,HYUNDAI,E1017019,I 30
E1017,HYUNDAI,E1017020,CENTENNIAL
E1017,HYUNDAI,E1017021,EQUUS
E1017,HYUNDAI,E1017022,GENESIS COUPE
E1017,HYUNDAI,E1017023,EON
E1017,HYUNDAI,E1017024,I 20
E1017,HYUNDAI,E1017025,I 40
E1017,HYUNDAI,E1017026,VELOSTER
E1017,HYUNDAI,E1017027,ELANTRA COUPE
E1017,HYUNDAI,E1017028,GRAND SANTA FE
E1017,HYUNDAI,E1017029,GRAND I10
E1017,HYUNDAI,E1017029,GRAND I10
E1017,HYUNDAI,E1017030,CRETA
E1017,HYUNDAI,E1017031,GENESIS G80
E1017,HYUNDAI,E1017032,GENESIS G90
E1017,HYUNDAI,E1017033,IONIQ
E1018,INFINITI,E1018001,FX35
E1018,INFINITI,E1018002,FX45
E1018,INFINITI,E1018003,G35
E1018,INFINITI,E1018003,G35
E1018,INFINITI,E1018004,I35
E1018,INFINITI,E1018005,Q45
E1018,INFINITI,E1018006,QX4
E1018,INFINITI,E1018007,QX56
E1018,INFINITI,E1018008,M35
E1018,INFINITI,E1018009,M45
E1018,INFINITI,E1018010,G37
E1018,INFINITI,E1018010,G37
E1018,INFINITI,E1018010,G37
E1018,INFINITI,E1018011,EX35
E1018,INFINITI,E1018012,EX37
E1018,INFINITI,E1018013,FX50
E1018,INFINITI,E1018014,G25
E1018,INFINITI,E1018015,JX
E1018,INFINITI,E1018016,M37
E1018,INFINITI,E1018017,M56
E1018,INFINITI,E1018018,FX37
E1018,INFINITI,E1018019,Q50
E1018,INFINITI,E1018020,Q60
E1018,INFINITI,E1018020,Q60
E1018,INFINITI,E1018021,Q70
E1018,INFINITI,E1018022,QX50
E1018,INFINITI,E1018023,QX60
E1018,INFINITI,E1018024,QX70
E1018,INFINITI,E1018025,QX70S
E1018,INFINITI,E1018026,QX80
E1018,INFINITI,E1018027,Q30
E1018,INFINITI,E1018028,QX30
E1019,ISUZU,E1019001,DMAX
E1019,ISUZU,E1019001,DMAX
E1019,ISUZU,E1019001,DMAX
E1019,ISUZU,E1019002,NKR
E1019,ISUZU,E1019003,NPR
E1019,ISUZU,E1019004,MU-X
E1020,JAGUAR,E1020001,S-TYPE
E1020,JAGUAR,E1020002,XJ
E1020,JAGUAR,E1020003,XK
E1020,JAGUAR,E1020003,XK
E1020,JAGUAR,E1020004,X-TYPE
E1020,JAGUAR,E1020005,XF
E1020,JAGUAR,E1020006,F-TYPE
E1020,JAGUAR,E1020006,F-TYPE
E1020,JAGUAR,E1020007,F-PACE
E1020,JAGUAR,E1020008,XE
E1020,JAGUAR,E1020009,E-PACE
E1021,JEEP,E1021001,CHEROKEE
E1021,JEEP,E1021002,GRAND CHEROKEE
E1021,JEEP,E1021003,LIBERTY
E1021,JEEP,E1021004,WRANGLER
E1021,JEEP,E1021004,WRANGLER
E1021,JEEP,E1021004,WRANGLER
E1021,JEEP,E1021005,COMMANDER
E1021,JEEP,E1021006,WRANGLER UNLIMITED
E1021,JEEP,E1021006,WRANGLER UNLIMITED
E1021,JEEP,E1021007,COMPASS
E1021,JEEP,E1021008,PATRIOT
E1021,JEEP,E1021009,RENEGADE
E1022,KIA,E1022001,CARENS
E1022,KIA,E1022002,CARNIVAL
E1022,KIA,E1022003,OPTIMA
E1022,KIA,E1022004,RIO
E1022,KIA,E1022004,RIO
E1022,KIA,E1022005,SORENTO
E1022,KIA,E1022006,SPORTAGE
E1022,KIA,E1022007,CERATO
E1022,KIA,E1022007,CERATO
E1022,KIA,E1022008,OPIRUS
E1022,KIA,E1022009,SPECTRA
E1022,KIA,E1022010,K3000
E1022,KIA,E1022011,PICANTO
E1022,KIA,E1022012,CEED
E1022,KIA,E1022013,MOHAVE
E1022,KIA,E1022014,SOUL
E1022,KIA,E1022014,SOUL
E1022,KIA,E1022015,CERATO KOUP
E1022,KIA,E1022016,FORTE
E1022,KIA,E1022016,FORTE
E1022,KIA,E1022017,FORTE KOUP
E1022,KIA,E1022018,CADENZA
E1022,KIA,E1022019,QUORIS
E1022,KIA,E1022020,GRAND CARNIVAL
E1022,KIA,E1022021,STINGER
E1023,LAMBORGHINI,E1023001,GALLARDO
E1023,LAMBORGHINI,E1023001,GALLARDO
E1023,LAMBORGHINI,E1023002,MURCIELAGO
E1023,LAMBORGHINI,E1023002,MURCIELAGO
E1023,LAMBORGHINI,E1023003,AVENTADOR
E1023,LAMBORGHINI,E1023003,AVENTADOR
E1023,LAMBORGHINI,E1023004,HURACAN
E1023,LAMBORGHINI,E1023004,HURACAN
E1023,LAMBORGHINI,E1023005,VENENO
E1023,LAMBORGHINI,E1023006,CENTENARIO
E1023,LAMBORGHINI,E1023007,URUS
E1024,LAND ROVER,E1024001,DEFENDER
E1024,LAND ROVER,E1024001,DEFENDER
E1024,LAND ROVER,E1024002,DISCOVERY
E1024,LAND ROVER,E1024003,FREELANDER
E1024,LAND ROVER,E1024004,RANGE ROVER
E1005,CADILLAC,E1005005,SRX
E1005,CADILLAC,E1005006,XLR
E1005,CADILLAC,E1005006,XLR
E1005,CADILLAC,E1005007,STS
E1005,CADILLAC,E1005008,BLS
E1005,CADILLAC,E1005009,DTS
E1005,CADILLAC,E1005010,SLS
E1005,CADILLAC,E1005011,ATS
E1005,CADILLAC,E1005011,ATS
E1005,CADILLAC,E1005012,XTS
E1005,CADILLAC,E1005013,CT6
E1005,CADILLAC,E1005014,XT5
E1005,CADILLAC,E1005015,XT5 CROSSOVER
E1006,CHEVROLET,E1006001,ASTRO
E1006,CHEVROLET,E1006001,ASTRO
E1006,CHEVROLET,E1006002,AVALANCHE
E1006,CHEVROLET,E1006003,BLAZER
E1006,CHEVROLET,E1006004,CAPRICE
E1006,CHEVROLET,E1006005,CAVALIER
E1006,CHEVROLET,E1006005,CAVALIER
E1006,CHEVROLET,E1006006,CORVETTE
E1006,CHEVROLET,E1006006,CORVETTE
E1006,CHEVROLET,E1006007,EXPRESS
E1006,CHEVROLET,E1006007,EXPRESS
E1006,CHEVROLET,E1006007,EXPRESS
E1006,CHEVROLET,E1006007,EXPRESS
E1006,CHEVROLET,E1006007,EXPRESS
E1006,CHEVROLET,E1006008,IMPALA
E1006,CHEVROLET,E1006009,LUMINA
E1006,CHEVROLET,E1006009,LUMINA
E1006,CHEVROLET,E1006010,OPTRA
E1006,CHEVROLET,E1006010,OPTRA
E1006,CHEVROLET,E1006010,OPTRA
E1006,CHEVROLET,E1006011,SILVERADO
E1006,CHEVROLET,E1006011,SILVERADO
E1006,CHEVROLET,E1006011,SILVERADO
E1006,CHEVROLET,E1006011,SILVERADO
E1006,CHEVROLET,E1006011,SILVERADO
E1006,CHEVROLET,E1006011,SILVERADO
E1006,CHEVROLET,E1006011,SILVERADO
E1006,CHEVROLET,E1006011,SILVERADO
E1006,CHEVROLET,E1006011,SILVERADO
E1006,CHEVROLET,E1006011,SILVERADO
E1006,CHEVROLET,E1006011,SILVERADO
E1006,CHEVROLET,E1006011,SILVERADO
E1006,CHEVROLET,E1006011,SILVERADO
E1006,CHEVROLET,E1006011,SILVERADO
E1006,CHEVROLET,E1006011,SILVERADO
E1006,CHEVROLET,E1006011,SILVERADO
E1006,CHEVROLET,E1006012,SSR
E1006,CHEVROLET,E1006013,SUBURBAN
E1006,CHEVROLET,E1006014,TAHOE
E1006,CHEVROLET,E1006015,TRAIL BLAZER
E1006,CHEVROLET,E1006016,T-SERIES
E1006,CHEVROLET,E1006016,T-SERIES
E1006,CHEVROLET,E1006017,AVEO
E1006,CHEVROLET,E1006017,AVEO
E1006,CHEVROLET,E1006018,COLORADO
E1006,CHEVROLET,E1006018,COLORADO
E1006,CHEVROLET,E1006019,EPICA
E1006,CHEVROLET,E1006020,COBALT
E1006,CHEVROLET,E1006020,COBALT
E1006,CHEVROLET,E1006021,EQUINOX
E1006,CHEVROLET,E1006022,SPARK
E1006,CHEVROLET,E1006023,UPLANDER
E1006,CHEVROLET,E1006024,HHR
E1006,CHEVROLET,E1006025,CAPTIVA
E1006,CHEVROLET,E1006026,CSV
E1006,CHEVROLET,E1006027,AVEO5
E1006,CHEVROLET,E1006028,CRUZE
E1006,CHEVROLET,E1006028,CRUZE
E1006,CHEVROLET,E1006029,MALIBU
E1006,CHEVROLET,E1006030,TRAVERSE
E1006,CHEVROLET,E1006031,CAMARO
E1006,CHEVROLET,E1006031,CAMARO
E1006,CHEVROLET,E1006032,SONIC
E1006,CHEVROLET,E1006032,SONIC
E1006,CHEVROLET,E1006033,TRAX
E1006,CHEVROLET,E1006034,BOLT
E1007,CHRYSLER,E1007001,CONCORDE
E1007,CHRYSLER,E1007002,GRAND VOYAGER
E1010,DODGE,E1010004,NEON
E1007,CHRYSLER,E1007004,PT CRUISER
E1007,CHRYSLER,E1007004,PT CRUISER
E1007,CHRYSLER,E1007005,SEBRING
E1007,CHRYSLER,E1007005,SEBRING
E1007,CHRYSLER,E1007006,CROSSFIRE
E1007,CHRYSLER,E1007006,CROSSFIRE
E1007,CHRYSLER,E1007007,300
E1007,CHRYSLER,E1007008,PACIFICA
E1007,CHRYSLER,E1007008,PACIFICA
E1007,CHRYSLER,E1007009,200
E1008,CITROEN,E1008001,C3
E1008,CITROEN,E1008001,C3
E1008,CITROEN,E1008002,SAXO
E1008,CITROEN,E1008003,XSARA PICASSO
E1008,CITROEN,E1008004,C2
E1008,CITROEN,E1008005,C4
E1008,CITROEN,E1008006,C8
E1008,CITROEN,E1008007,C5
E1008,CITROEN,E1008007,C5
E1008,CITROEN,E1008008,C4 PICASSO
E1008,CITROEN,E1008009,BERLINGO
E1034,NISSAN,E1034005,FRONTIER
E1034,NISSAN,E1034005,FRONTIER
E1034,NISSAN,E1034005,FRONTIER
E1034,NISSAN,E1034006,MAXIMA
E1034,NISSAN,E1034007,MURANO
E1034,NISSAN,E1034008,PATHFINDER
E1034,NISSAN,E1034009,PATROL
E1034,NISSAN,E1034010,PICK UP
E1034,NISSAN,E1034010,PICK UP
E1034,NISSAN,E1034010,PICK UP
E1034,NISSAN,E1034011,SUNNY
E1034,NISSAN,E1034012,URVAN
E1034,NISSAN,E1034012,URVAN
E1034,NISSAN,E1034012,URVAN
E1034,NISSAN,E1034013,X TRAIL
E1034,NISSAN,E1034014,XTERRA
E1034,NISSAN,E1034015,ARMADA
E1034,NISSAN,E1034016,SENTRA
E1034,NISSAN,E1034017,TITAN
E1034,NISSAN,E1034017,TITAN
E1034,NISSAN,E1034017,TITAN
E1034,NISSAN,E1034017,TITAN
E1034,NISSAN,E1034017,TITAN
E1034,NISSAN,E1034017,TITAN
E1034,NISSAN,E1034017,TITAN
E1034,NISSAN,E1034018,MICRA
E1034,NISSAN,E1034019,NOTE
E1034,NISSAN,E1034020,TIIDA
E1034,NISSAN,E1034020,TIIDA
E1034,NISSAN,E1034021,NAVARA
E1034,NISSAN,E1034021,NAVARA
E1034,NISSAN,E1034022,VERSA
E1034,NISSAN,E1034022,VERSA
E1034,NISSAN,E1034023,GT-R
E1034,NISSAN,E1034024,QASHQAI
E1034,NISSAN,E1034025,QUEST
E1034,NISSAN,E1034026,370Z
E1034,NISSAN,E1034026,370Z
E1034,NISSAN,E1034027,ROGUE
E1034,NISSAN,E1034028,LEAF
E1034,NISSAN,E1034029,JUKE
E1034,NISSAN,E1034030,TEANA
E1034,NISSAN,E1034031,PATHFINDER HYBRID
E1034,NISSAN,E1034032,KICKS
E1035,OPEL,E1035001,CORSA
E1035,OPEL,E1035001,CORSA
E1035,OPEL,E1035002,VECTRA
E1035,OPEL,E1035003,ASTRA
E1035,OPEL,E1035003,ASTRA
E1035,OPEL,E1035004,ANTARA
E1035,OPEL,E1035005,INSIGNIA
E1035,OPEL,E1035006,CASCADA
E1035,OPEL,E1035007,MERIVA
E1035,OPEL,E1035007,MERIVA
E1035,OPEL,E1035008,ZAFIRA TOURER
E1035,OPEL,E1035008,ZAFIRA TOURER
E1035,OPEL,E1035009,ADAM
E1035,OPEL,E1035010,MOKKA
E1036,PAGANI,E1036001,ZONDA
E1036,PAGANI,E1036002,HUAYRA
E1037,PEUGEOT,E1037001,206
E1037,PEUGEOT,E1037001,206
E1037,PEUGEOT,E1037001,206
E1037,PEUGEOT,E1037002,207
E1037,PEUGEOT,E1037002,207
E1037,PEUGEOT,E1037003,307
E1037,PEUGEOT,E1037003,307
E1037,PEUGEOT,E1037003,307
E1037,PEUGEOT,E1037004,607
E1037,PEUGEOT,E1037005,PARTNER
E1037,PEUGEOT,E1037005,PARTNER
E1037,PEUGEOT,E1037006,407
E1037,PEUGEOT,E1037006,407
E1037,PEUGEOT,E1037006,407
E1037,PEUGEOT,E1037007,BOXER
E1037,PEUGEOT,E1037007,BOXER
E1037,PEUGEOT,E1037008,308
E1037,PEUGEOT,E1037008,308
E1037,PEUGEOT,E1037009,308 CC
E1037,PEUGEOT,E1037010,3008
E1037,PEUGEOT,E1037010,3008
E1037,PEUGEOT,E1037011,5008
E1037,PEUGEOT,E1037011,5008
E1037,PEUGEOT,E1037012,508
E1037,PEUGEOT,E1037013,RCZ
E1037,PEUGEOT,E1037014,208
E1037,PEUGEOT,E1037015,408
E1037,PEUGEOT,E1037016,301
E1037,PEUGEOT,E1037017,108
E1037,PEUGEOT,E1037018,2008
E1037,PEUGEOT,E1037019,EXPERT
E1037,PEUGEOT,E1037019,EXPERT
E1037,PEUGEOT,E1037020,TRAVELLER
E1038,PORSCHE,E1038001,911
E1038,PORSCHE,E1038001,911
E1038,PORSCHE,E1038002,BOXTER
E1038,PORSCHE,E1038003,CAYENNE
E1038,PORSCHE,E1038004,CAYMAN
E1038,PORSCHE,E1038005,PANAMERA
E1038,PORSCHE,E1038006,MACAN
E1038,PORSCHE,E1038007,918
E1038,PORSCHE,E1038007,918
E1039,PROTON,E1039001,WAJA
E1039,PROTON,E1039002,WIRA
E1039,PROTON,E1039002,WIRA
E1039,PROTON,E1039003,GEN-2
E1039,PROTON,E1039004,SAVVY
E1039,PROTON,E1039005,SAGA
E1040,RENAULT,E1040001,CLIO
E1040,RENAULT,E1040001,CLIO
E1040,RENAULT,E1040002,LAGUNA
E1040,RENAULT,E1040002,LAGUNA
E1040,RENAULT,E1040003,LOGAN
E1040,RENAULT,E1040003,LOGAN
E1040,RENAULT,E1040003,LOGAN
E1040,RENAULT,E1040004,MEGANE
E1040,RENAULT,E1040004,MEGANE
E1040,RENAULT,E1040004,MEGANE
E1040,RENAULT,E1040005,ESPACE
E1040,RENAULT,E1040006,GRAND SCENIC
E1040,RENAULT,E1040007,SCENIC
E1040,RENAULT,E1040008,SPORT CLIO
E1040,RENAULT,E1040009,TRAFIC
E1040,RENAULT,E1040009,TRAFIC
E1040,RENAULT,E1040010,FLUENCE
E1040,RENAULT,E1040011,KOLEOS
E1040,RENAULT,E1040012,SAFRANE
E1040,RENAULT,E1040013,SYMBOL
E1040,RENAULT,E1040014,SANDERO
E1040,RENAULT,E1040015,DUSTER
E1040,RENAULT,E1040016,DOKKER
E1040,RENAULT,E1040017,CAPTUR
E1040,RENAULT,E1040018,TALISMAN
E1040,RENAULT,E1040019,CLIO RS
E1040,RENAULT,E1040020,TWIZY
E1040,RENAULT,E1040021,ZOE
E1041,ROVER,E1041001,75
E1042,SAAB,E1042001,9-Mar
E1042,SAAB,E1042001,9-Mar
E1042,SAAB,E1042001,9-Mar
E1042,SAAB,E1042002,9-5X
E1042,SAAB,E1042003,9-7X
E1043,SEAT,E1043001,IBIZA
E1043,SEAT,E1043002,LEON
E1043,SEAT,E1043003,CORDOBA
E1043,SEAT,E1043004,ALTEA
E1043,SEAT,E1043005,TOLEDO
E1043,SEAT,E1043005,TOLEDO
E1043,SEAT,E1043006,EXEO
E1043,SEAT,E1043007,ALHAMBRA
E1043,SEAT,E1043008,MII
E1043,SEAT,E1043009,LEON ST
E1043,SEAT,E1043010,ARONA
E1043,SEAT,E1043011,ATECA
E1043,SEAT,E1043012,LEON SC
E1044,SKODA,E1044001,FABIA
E1044,SKODA,E1044002,SUPERB
E1044,SKODA,E1044002,SUPERB
E1044,SKODA,E1044003,OCTAVIA
E1044,SKODA,E1044004,YETI
E1044,SKODA,E1044005,RAPID
E1044,SKODA,E1044006,KODIAQ
E1044,SKODA,E1044007,KAROQ
E1045,SMART,E1045001,FORTWO
E1045,SMART,E1045001,FORTWO
E1046,SSANGYONG,E1046001,CHAIRMAN
E1046,SSANGYONG,E1046002,KORANDO
E1046,SSANGYONG,E1046002,KORANDO
E1046,SSANGYONG,E1046003,MUSSO
E1046,SSANGYONG,E1046004,REXTON
E1046,SSANGYONG,E1046005,RODIUS
E1046,SSANGYONG,E1046006,ACTYON
E1046,SSANGYONG,E1046007,KYRON
E1047,SUBARU,E1047001,FORESTER
E1047,SUBARU,E1047002,IMPREZA
E1047,SUBARU,E1047002,IMPREZA
E1047,SUBARU,E1047003,LEGACY
E1047,SUBARU,E1047003,LEGACY
E1047,SUBARU,E1047004,OUTBACK
E1047,SUBARU,E1047004,OUTBACK
E1047,SUBARU,E1047005,TRIBECA
E1047,SUBARU,E1047006,BRZ
E1047,SUBARU,E1047007,XV
E1047,SUBARU,E1047008,WRX
E1048,SUZUKI,E1048001,CARRY
E1048,SUZUKI,E1048001,CARRY
E1048,SUZUKI,E1048002,GRAND VITARA
E1048,SUZUKI,E1048003,IGNIS
E1048,SUZUKI,E1048003,IGNIS
E1048,SUZUKI,E1048004,JIMNY
E1048,SUZUKI,E1048005,LIANA
E1048,SUZUKI,E1048005,LIANA
E1048,SUZUKI,E1048006,XL7
E1048,SUZUKI,E1048007,AERIO
E1048,SUZUKI,E1048008,APV
E1048,SUZUKI,E1048009,SWIFT
E1048,SUZUKI,E1048010,SX4
E1048,SUZUKI,E1048010,SX4
E1048,SUZUKI,E1048011,ALTO
E1048,SUZUKI,E1048012,CELERIO
E1048,SUZUKI,E1048013,KIZASHI
E1048,SUZUKI,E1048014,CIAZ
E1048,SUZUKI,E1048015,ERTIGA
E1048,SUZUKI,E1048016,SWIFT DZIRE
E1048,SUZUKI,E1048017,DZIRE
E1048,SUZUKI,E1048018,VITARA
E1048,SUZUKI,E1048019,BALENO
E1049,TOYOTA,E1049001,4RUNNER
E1049,TOYOTA,E1049002,AVALON
E1049,TOYOTA,E1049003,CAMRY
E1049,TOYOTA,E1049004,CELICA
E1049,TOYOTA,E1049005,COASTER
E1049,TOYOTA,E1049006,COROLLA
E1049,TOYOTA,E1049006,COROLLA
E1049,TOYOTA,E1049006,COROLLA
E1049,TOYOTA,E1049007,ECHO
E1049,TOYOTA,E1049008,FORTUNER
E1049,TOYOTA,E1049009,HIACE
E1049,TOYOTA,E1049009,HIACE
E1049,TOYOTA,E1049010,HIGHLANDER
E1049,TOYOTA,E1049011,HILUX
E1049,TOYOTA,E1049011,HILUX
E1049,TOYOTA,E1049011,HILUX
E1049,TOYOTA,E1049011,HILUX
E1049,TOYOTA,E1049012,LAND CRUISER
E1049,TOYOTA,E1049013,LAND CRUISER PICK UP
E1049,TOYOTA,E1049013,LAND CRUISER PICK UP
E1049,TOYOTA,E1049014,LAND CRUISER PRADO
E1049,TOYOTA,E1049015,PREVIA
E1049,TOYOTA,E1049016,RAV 4
E1049,TOYOTA,E1049017,SEQUOIA
E1049,TOYOTA,E1049018,SIENNA
E1049,TOYOTA,E1049019,SOLARA
E1049,TOYOTA,E1049019,SOLARA
E1049,TOYOTA,E1049020,TACOMA
E1049,TOYOTA,E1049021,TUNDRA
E1049,TOYOTA,E1049021,TUNDRA
E1049,TOYOTA,E1049021,TUNDRA
E1049,TOYOTA,E1049021,TUNDRA
E1049,TOYOTA,E1049021,TUNDRA
E1049,TOYOTA,E1049021,TUNDRA
E1049,TOYOTA,E1049021,TUNDRA
E1049,TOYOTA,E1049021,TUNDRA
E1049,TOYOTA,E1049021,TUNDRA
E1049,TOYOTA,E1049021,TUNDRA
E1049,TOYOTA,E1049022,YARIS
E1049,TOYOTA,E1049022,YARIS
E1049,TOYOTA,E1049023,XA
E1049,TOYOTA,E1049024,INNOVA
E1049,TOYOTA,E1049025,AURION
E1049,TOYOTA,E1049026,FJ CRUISER
E1049,TOYOTA,E1049027,DYNA
E1049,TOYOTA,E1049028,VENZA
E1049,TOYOTA,E1049029,PRIUS
E1049,TOYOTA,E1049030,ZELAS
E1049,TOYOTA,E1049031,TOYOTA 86
E1049,TOYOTA,E1049032,ALPHARD
E1049,TOYOTA,E1049033,AVENSIS
E1049,TOYOTA,E1049034,AVANZA
E1049,TOYOTA,E1049034,AVANZA
E1049,TOYOTA,E1049035,C-HR
E1049,TOYOTA,E1049036,RUSH
E1050,VOLKSWAGEN,E1050001,BEETLE
E1050,VOLKSWAGEN,E1050001,BEETLE
E1050,VOLKSWAGEN,E1050002,BORA
E1050,VOLKSWAGEN,E1050003,CADDY
E1050,VOLKSWAGEN,E1050004,GOLF
E1050,VOLKSWAGEN,E1050005,JETTA
E1050,VOLKSWAGEN,E1050006,MULTIVAN
E1050,VOLKSWAGEN,E1050007,PASSAT
E1050,VOLKSWAGEN,E1050007,PASSAT
E1050,VOLKSWAGEN,E1050008,POLO
E1050,VOLKSWAGEN,E1050008,POLO
E1050,VOLKSWAGEN,E1050009,SHARAN
E1050,VOLKSWAGEN,E1050010,TOURAN
E1050,VOLKSWAGEN,E1050011,TRANSPORTER
E1050,VOLKSWAGEN,E1050012,PHAETON
E1050,VOLKSWAGEN,E1050013,TOUAREG
E1050,VOLKSWAGEN,E1050014,GOLF PLUS
E1050,VOLKSWAGEN,E1050015,EOS
E1050,VOLKSWAGEN,E1050016,TIGUAN
E1050,VOLKSWAGEN,E1050017,CRAFTER
E1050,VOLKSWAGEN,E1050018,SCIROCCO
E1050,VOLKSWAGEN,E1050019,VOLKSWAGEN CC
E1050,VOLKSWAGEN,E1050020,GOLF GTI
E1050,VOLKSWAGEN,E1050021,GOLF R
E1050,VOLKSWAGEN,E1050022,AMAROK
E1050,VOLKSWAGEN,E1050023,ARTEON
E1050,VOLKSWAGEN,E1050024,TERAMONT
E1051,VOLVO,E1051001,V70
E1051,VOLVO,E1051002,XC70
E1051,VOLVO,E1051003,XC90
E1051,VOLVO,E1051004,S60
E1051,VOLVO,E1051005,S40
E1051,VOLVO,E1051006,S80
E1051,VOLVO,E1051007,V50
E1051,VOLVO,E1051008,C70
E1051,VOLVO,E1051009,C30
E1051,VOLVO,E1051010,XC60
E1051,VOLVO,E1051011,V60
E1051,VOLVO,E1051011,V60
E1051,VOLVO,E1051012,V40
E1051,VOLVO,E1051013,S90
E1051,VOLVO,E1051014,V90
E1051,VOLVO,E1051015,XC40
154001,Honda Motorcycle,154001,Honda Motorcycle
154003,Honda Odyssey,154003,Honda Odyssey
199093,Honda Pilot,199093,Honda Pilot
199041,Dynapac,199041,Dynapac Roller
199001,Eicher,199001001,Eicher
111001,Ferrari - 360M f1,111001001,360M f1
111002,Ferrari - 360SP f2,111002001,360SP f2
111003,Ferrari - 456GT/GTA,111003001,456GT/ GTA
111004,Ferrari - 575M,111004001,575M
111005,Ferrari - Enzo,111005001,Enzo
111007,Fiat Marea,111007,Fiat Marea
111006,Fiat Punto,111006001,Fiat Punto 8V
111006,Fiat Punto,111006002,Fiat Punto 16V
181002,Flat Trailer,181002001,Flatbed Trailer
112005,Ford - Crown Victoria,112005001,Crown Victoria
112007,Ford - Escape,112007001,Escape
112015,Ford - Escort,112015,Escort 1.6 L
112008,Ford - Everest,112008001,Everest
112011,Ford - Excursion,112011001,Excursion
112010,Ford - Expedition,112010001,Expedition
112009,Ford - Explorer,112009001,Explorer
112003,Ford - Fiesta,112003001,Fiesta
112001,Ford - Focus,112001001,Focus
112001,Ford - Focus,112001002,Focus 2.0 L
112006,Ford - GT,112006001,Ford GT
112017,Ford - Lincoln,112017001,Ford - Lincoln
112002,Ford - Mondeo,112002001,Mondeo
112016,Ford - Mountaineer,112016001,Mountainer
112004,Ford - Mustang,112004001,Mustang Convertible
112004,Ford - Mustang,112004002,Mustang Coupe
112014,Ford - Sable,112014001,Ford - Sables
112013,Ford - Taurus,112013001,Ford - Taurus
112012,Ford - Tempo,112012,Ford - Tempo
199045,Ford Edge,199045,Ford Edge
199031,Ford F150 Pick Up,199031,Ford F150 Pick Up
112020,Ford Freestar,112020001,Ford Freestar
199119,Ford Fusion,199119,Ford Fusion
112018,Ford -Mercury Mystiqu,112018,Mercury
112019,Ford Ranger,112019,Ford Ranger Pick Up
 112014,FORD SABEL,,
199066,Foton View MiniBus,199066,Foton View MiniBus
199089,Gmc Acadia,199089,Acadia
113001,GMC - Envoy,113001001,Envoy
113004,GMC - Jimmy,113004,GMC-Jimmy
113003,GMC - Suburban,113003001,Suburban 5.3 L
113003,GMC - Suburban,113003002,Suburban 6.0 L
113003,GMC - Suburban,113003003,Suburban 8.1 L
113002,GMC - Yukon,113002001,Yukon
11300105,GMC SEIRRA,11300105,GMC SEIRRA Pick Up
199036,Grand Voyager,199036,Grand Voyager
169001,Great Wall,169001001,Great Wall Deer P/UP
167003,Grofe,167003001,Grove RT 530E
1670031,Grove Crane,1670031,Grove Crane
199009,GX 300D Forklift,199009,GX 300D Forklift
190001,Harley Davidson,1900010001,Harley Davidson
199059,Heli H2000 Forklift,199059,Heli H2000 Forklift
1540011,Hero Honda,1540011,Hero Honda
155001,Hino Dump,155001001,Hino Dump
199082,Hino Freezer Truck,199082,Hino Freezer Truck
199136,Hino Pick Up,199136,Hino Pick Up
15500101,Hino Truck,15500101,Hino Truck
15500101,Hino Truck,15500101002,Hino Truck with Crane
15500101,Hino Truck,15500101001,Hino Truck with Ice Box
199042,Hitachi,1990420001,Hitachi EX200LC - 5E Excavator
119021,Hitachi Crawler Crane,119021,Hitachi Crawler Crane
114004,Honda - Accord,114004001,Accord 2.4
114004,Honda - Accord,114004002,Accord 3.0 L
114004,Honda - Accord,114004003,Accord 2.4 L Coupe
114001,Honda - City,114001001,City
114003,Honda - Civic,114003001,Civic 1.5 L
114003,Honda - Civic,114003002,Civic 1.8 L
114003,Honda - Civic,114003003,Civic Type R 2.0 L
114008,Honda - CR-V,114008001,CR-V
114007,Honda - HR-V,114007001,HR-V (2 door)
114007,Honda - HR-V,114007002,HR-V (4 door)
114002,Honda - Jazz,114002001,Jazz
114006,Honda - Legend,114006001,Legend
114009,Honda - MR-V,114009001,MR-V EXI
114005,Honda - S-2000,114005001,S-2000
114010,Honda - Stream,114010,Honda Stream
E1052,ACURA,E1052001,RSX
E1052,ACURA,E1052002,TL
E1052,ACURA,E1052003,MDX
E1052,ACURA,E1052004,RL
E1052,ACURA,E1052005,TSX
E1052,ACURA,E1052005,TSX
E1052,ACURA,E1052006,RDX
E1052,ACURA,E1052007,ZDX
E1052,ACURA,E1052008,ILX
E1052,ACURA,E1052009,RLX
E1052,ACURA,E1052010,TLX
E1052,ACURA,E1052011,NSX
E1053,BENTLEY,E1053001,ARNAGE
E1053,BENTLEY,E1053003,FLYING SPUR
E1053,BENTLEY,E1053004,AZURE
E1053,BENTLEY,E1053005,BROOKLANDS
E1053,BENTLEY,E1053006,MULSANNE
E1053,BENTLEY,E1053007,BENTAYGA
E1054,PONTIAC,E1054001,GTO
E1054,PONTIAC,E1054002,SOLSTICE
E1054,PONTIAC,E1054002,SOLSTICE
E1055,ROLLS ROYCE,E1055001,PHANTOM
E1055,ROLLS ROYCE,E1055001,PHANTOM
E1055,ROLLS ROYCE,E1055001,PHANTOM
E1055,ROLLS ROYCE,E1055002,GHOST
E1055,ROLLS ROYCE,E1055003,WRAITH
E1055,ROLLS ROYCE,E1055004,DAWN
E1055,ROLLS ROYCE,E1055005,CULLINAN
E1056,ASHOK LEYLAND,E1056001,BUS
E1057,BUGATTI,E1057001,VEYRON
E1057,BUGATTI,E1057002,VEYRON GRAND SPORT
E1057,BUGATTI,E1057003,VEYRON GRAND SPORT VITESSE
E1057,BUGATTI,E1057004,VEYRON MANSORY LINEA VINCERO
E1057,BUGATTI,E1057005,VEYRON MANSORY VIVERE
E1057,BUGATTI,E1057006,VEYRON SUPER SPORT
E1057,BUGATTI,E1057007,16C GALIBIER
E1057,BUGATTI,E1057008,GRAND SPORT
E1057,BUGATTI,E1057009,CHIRON
E1058,GREAT WALL,E1058001,DEER
E1058,GREAT WALL,E1058001,DEER
E1058,GREAT WALL,E1058001,DEER
E1058,GREAT WALL,E1058001,DEER
E1058,GREAT WALL,E1058002,COWRY
E1058,GREAT WALL,E1058003,COOLBEAR
E1058,GREAT WALL,E1058004,FLORID
E1058,GREAT WALL,E1058005,WINGLE
E1058,GREAT WALL,E1058005,WINGLE
E1059,MAHINDRA,E1059001,SCORPIO
E1060,CATERPILLAR,E1060001,966H
E1060,CATERPILLAR,E1060002,140H
E1060,CATERPILLAR,E1060003,950H
E1060,CATERPILLAR,E1060004,D8R
E1061,CHERY,E1061001,A11 WINDCLOUD
E1061,CHERY,E1061002,B11 ORIENTAL SON
E1061,CHERY,E1061003,EASTAR
E1061,CHERY,E1061004,S11 QQ
E1061,CHERY,E1061005,T11 TIGGO
E1061,CHERY,E1061006,V5 CROSSOVER
E1061,CHERY,E1061006,V5 CROSSOVER
E1061,CHERY,E1061007,E5
E1061,CHERY,E1061008,E8
E1061,CHERY,E1061009,ARRIZO 7
E1061,CHERY,E1061010,TIGGO 5
E1061,CHERY,E1061011,ARRIZO 3
E1061,CHERY,E1061012,ARRIZO 5
E1061,CHERY,E1061013,TIGGO 2
E1061,CHERY,E1061014,TIGGO 3
E1061,CHERY,E1061015,TIGGO 7
E1062,CMC,E1062001,VERYCA
E1062,CMC,E1062001,VERYCA
E1062,CMC,E1062001,VERYCA
E1062,CMC,E1062001,VERYCA
E1062,CMC,E1062001,VERYCA
E1062,CMC,E1062002,Z7
E1062,CMC,E1062002,Z7
E1063,MAYBACH,E1063001,57
E1063,MAYBACH,E1063002,62
E1063,MAYBACH,E1063002,62
E1063,MAYBACH,E1063003,S CLASS
E1064,PGO,E1064001,SPEEDSTER II
E1064,PGO,E1064002,CEVENNES
E1065,SCION,E1065001,TC
E1065,SCION,E1065002,IQ
E1065,SCION,E1065003,FR-S
E1066,TATA,E1066002,INDICA
E1066,TATA,E1066003,INDIGO
E1066,TATA,E1066003,INDIGO
E1066,TATA,E1066004,XENON
E1066,TATA,E1066004,XENON
E1067,BYD,E1067001,F3
E1067,BYD,E1067002,F6
E1068,KOMATSU,E1068001,PC400-7
E1068,KOMATSU,E1068002,D155A-2
E1068,KOMATSU,E1068003,D155A-6
E1068,KOMATSU,E1068004,PC220-7
E1069,GEELY,E1069001,CK
E1069,GEELY,E1069002,EMGRAND 7
E1069,GEELY,E1069003,EMGRAND 8
E1069,GEELY,E1069004,EMGRAND 7 RV
E1069,GEELY,E1069005,EMGRAND X7
E1069,GEELY,E1069006,GC2
E1069,GEELY,E1069007,GC6
E1069,GEELY,E1069008,GC7
E1069,GEELY,E1069009,GX2
E1069,GEELY,E1069010,EMGRAND GT
E1069,GEELY,E1069011,EMGRAND
E1069,GEELY,E1069012,EMGRAND GS SPORT
E1070,JMC,E1070001,MEDIUM PICK UP
E1070,JMC,E1070001,MEDIUM PICK UP
E1070,JMC,E1070003,LANDWIND
E1071,YUTONG,E1071001,YUTONG
E1072,FOTON,E1072001,BLIZZARD
E1072,FOTON,E1072002,THUNDER
E1072,FOTON,E1072003,SUP
E1072,FOTON,E1072003,SUP
E1072,FOTON,E1072004,VIEW
E1072,FOTON,E1072005,TUNLAND
E1073,JINBEI,E1073001,9
E1073,JINBEI,E1073001,9
E1074,LUXGEN,E1074001,7
E1074,LUXGEN,E1074001,7
E1074,LUXGEN,E1074002,LUXGEN7
E1074,LUXGEN,E1074002,LUXGEN7
E1074,LUXGEN,E1074004,U6
E1074,LUXGEN,E1074005,U7
E1075,MG,E1075001,550
E1075,MG,E1075002,750
E1075,MG,E1075003,MG 550
E1075,MG,E1075004,MG 750
E1075,MG,E1075005,350
E1075,MG,E1075007,MG 350
E1075,MG,E1075009,MG 3
E1075,MG,E1075010,5
E1075,MG,E1075011,GS
E1076,ZNA,E1076001,OTING
E1076,ZNA,E1076002,RICH
E1076,ZNA,E1076002,RICH
E1076,ZNA,E1076003,YUMSUN
E1077,BRILLIANCE,E1077001,FRV
E1077,BRILLIANCE,E1077002,FSV
E1077,BRILLIANCE,E1077003,H530
E1077,BRILLIANCE,E1077004,V5
E1078,HINO,E1078001,Dutro
E1079,KING LONG,E1079001,WIDE BODY PASSENGER VAN
E1079,KING LONG,E1079002,PANEL VAN
E1079,KING LONG,E1079002,PANEL VAN
E1079,KING LONG,E1079002,PANEL VAN
E1080,MCLAREN,E1080001,MP4-12C
E1080,MCLAREN,E1080001,MP4-12C
E1080,MCLAREN,E1080002,P1
E1080,MCLAREN,E1080003,650S
E1080,MCLAREN,E1080003,650S
E1080,MCLAREN,E1080004,540C
E1080,MCLAREN,E1080005,570C
E1080,MCLAREN,E1080006,570GT
E1080,MCLAREN,E1080007,570S
E1080,MCLAREN,E1080007,570S
E1080,MCLAREN,E1080008,675LT
E1080,MCLAREN,E1080008,675LT
E1080,MCLAREN,E1080009,720S
E1081,FISKER,E1081001,KARMA
E1082,GONOW,E1082001,TROY
E1082,GONOW,E1082001,TROY
E1083,BUICK,E1083001,ENCLAVE
E1083,BUICK,E1083002,REGAL
E1083,BUICK,E1083004,ENCORE
E1083,BUICK,E1083005,ENVISION
E1083,BUICK,E1083006,LACROSSE
E1083,BUICK,E1083007,VERANO
E1084,DAEWOO,E1084001,6X4 TRACTOR
E1085,JAC,E1085001,J4
E1085,JAC,E1085002,J5
E1085,JAC,E1085003,J6
E1085,JAC,E1085004,M5
E1085,JAC,E1085006,M1
E1086,KOENIGSEGG,E1086001,AGERA S
E1086,KOENIGSEGG,E1086002,AGERA RS
E1086,KOENIGSEGG,E1086003,One1
E1086,KOENIGSEGG,E1086004,Regera
E1088,DFM,E1088001,H30
E1088,DFM,E1088002,S30
E1089,DONGFENG,E1089001,H30 CROSS
E1090,GAC,E1090001,GA3
E1090,GAC,E1090002,GA5
E1090,GAC,E1090003,GS5
E1090,GAC,E1090004,GS8
E1090,GAC,E1090005,GA8
E1090,GAC,E1090006,GS4
E1091,NOBLE,E1091001,M600
E1092,CHANGAN,E1092001,ALSVIN V7
E1092,CHANGAN,E1092002,CS35
E1092,CHANGAN,E1092003,CS75
E1092,CHANGAN,E1092004,EADO
E1093,LADA,E1093001,NIVA
E1094,TESLA,E1094001,MODEL X
E1094,TESLA,E1094002,MODEL 3
E1094,TESLA,E1094003,MODEL S
E1095,BORGWARD,E1095001,BX5
E1095,BORGWARD,E1095002,BX6
E1095,BORGWARD,E1095003,BX7
E1096,SANDSTORM,E1096001,ALREEM
E1096,SANDSTORM,E1096002,S24
E1024,LAND ROVER,E1024005,RANGE ROVER SPORT
E1024,LAND ROVER,E1024006,LR3
E1024,LAND ROVER,E1024007,LR2
E1024,LAND ROVER,E1024008,LR4
E1024,LAND ROVER,E1024009,RANGE ROVER EVOQUE
E1024,LAND ROVER,E1024009,RANGE ROVER EVOQUE
E1024,LAND ROVER,E1024009,RANGE ROVER EVOQUE
E1024,LAND ROVER,E1024010,DISCOVERY SPORT
E1024,LAND ROVER,E1024011,RANGE ROVER VELAR
E1025,LEXUS,E1025001,ES300
E1025,LEXUS,E1025002,ES330
E1025,LEXUS,E1025003,GS300
E1025,LEXUS,E1025004,GS430
E1025,LEXUS,E1025005,GX470
E1025,LEXUS,E1025006,IS300
E1025,LEXUS,E1025007,LS430
E1025,LEXUS,E1025008,LX470
E1025,LEXUS,E1025009,RX300
E1025,LEXUS,E1025010,RX330
E1025,LEXUS,E1025011,SC430
E1025,LEXUS,E1025012,RX350
E1025,LEXUS,E1025013,ES350
E1025,LEXUS,E1025014,IS250
E1025,LEXUS,E1025015,IS350
E1025,LEXUS,E1025016,GS350
E1025,LEXUS,E1025017,LS460
E1025,LEXUS,E1025018,GS460
E1025,LEXUS,E1025019,ISF
E1025,LEXUS,E1025020,LS600H
E1025,LEXUS,E1025021,LX570
E1025,LEXUS,E1025022,IS250C
E1025,LEXUS,E1025023,IS300C
E1025,LEXUS,E1025024,GX460
E1025,LEXUS,E1025025,LFA
E1025,LEXUS,E1025026,CT200H
E1025,LEXUS,E1025027,IS350C
E1025,LEXUS,E1025028,RX450H
E1025,LEXUS,E1025029,ES250
E1025,LEXUS,E1025030,ES300h
E1025,LEXUS,E1025031,GS250
E1025,LEXUS,E1025032,GS450H
E1025,LEXUS,E1025033,RC F
E1025,LEXUS,E1025034,IS TURBO
E1025,LEXUS,E1025035,IS200T
E1025,LEXUS,E1025036,NX200
E1025,LEXUS,E1025037,RC350
E1025,LEXUS,E1025038,GS F
E1025,LEXUS,E1025039,GS TURBO
E1025,LEXUS,E1025040,GS200T
E1025,LEXUS,E1025041,RC Turbo
E1025,LEXUS,E1025042,RC200t
E1025,LEXUS,E1025043,RC300
E1025,LEXUS,E1025044,LC500
E1025,LEXUS,E1025045,LC500 HYBRID
E1025,LEXUS,E1025046,LS350
E1025,LEXUS,E1025047,LS500
E1025,LEXUS,E1025048,LS500H
E1025,LEXUS,E1025049,NX300
E1026,LINCOLN,E1026001,AVIATOR
E1026,LINCOLN,E1026002,NAVIGATOR
E1026,LINCOLN,E1026003,TOWN CAR
E1026,LINCOLN,E1026004,MARK LT
E1026,LINCOLN,E1026004,MARK LT
E1026,LINCOLN,E1026004,MARK LT
E1026,LINCOLN,E1026005,MKZ
E1026,LINCOLN,E1026006,MKX
E1026,LINCOLN,E1026007,MKS
E1026,LINCOLN,E1026008,MKT
E1026,LINCOLN,E1026009,MKC
E1026,LINCOLN,E1026010,CONTINENTAL
E1026,LINCOLN,E1026010,CONTINENTAL
E1026,LINCOLN,E1026010,CONTINENTAL
E1027,LOTUS,E1027001,ELISE
E1027,LOTUS,E1027001,ELISE
E1027,LOTUS,E1027002,EXIGE
E1027,LOTUS,E1027002,EXIGE
E1027,LOTUS,E1027003,ESPIRIT
E1027,LOTUS,E1027004,EVORA
E1027,LOTUS,E1027005,3-ELEVEN
E1028,MASERATI,E1028002,SPYDER
E1028,MASERATI,E1028003,QUATTROPORTE
E1028,MASERATI,E1028004,GRANTURISMO
E1028,MASERATI,E1028005,GRANCABRIO
E1028,MASERATI,E1028006,GHIBLI
E1028,MASERATI,E1028007,LEVANTE
E1029,MAZDA,E1029001,323
E1029,MAZDA,E1029001,323
E1029,MAZDA,E1029002,6
E1029,MAZDA,E1029002,6
E1029,MAZDA,E1029002,6
E1029,MAZDA,E1029003,626
E1029,MAZDA,E1029003,626
E1029,MAZDA,E1029004,BT-50
E1029,MAZDA,E1029004,BT-50
E1029,MAZDA,E1029005,E2000
E1029,MAZDA,E1029005,E2000
E1029,MAZDA,E1029006,MPV
E1029,MAZDA,E1029007,3
E1029,MAZDA,E1029007,3
E1029,MAZDA,E1029008,RX-8
E1029,MAZDA,E1029009,MX-5
E1029,MAZDA,E1029010,CX-7
E1029,MAZDA,E1029011,CX-9
E1029,MAZDA,E1029012,6 ULTRA
E1029,MAZDA,E1029013,2
E1029,MAZDA,E1029013,2
E1029,MAZDA,E1029014,CX-5
E1029,MAZDA,E1029015,CX-3
E1030,MERCEDES BENZ,E1030001,A-CLASS
E1030,MERCEDES BENZ,E1030002,C-CLASS
E1030,MERCEDES BENZ,E1030002,C-CLASS
E1030,MERCEDES BENZ,E1030002,C-CLASS
E1030,MERCEDES BENZ,E1030003,CL-CLASS
E1030,MERCEDES BENZ,E1030004,CLK-CLASS
E1030,MERCEDES BENZ,E1030004,CLK-CLASS
E1030,MERCEDES BENZ,E1030005,E-CLASS
E1030,MERCEDES BENZ,E1030005,E-CLASS
E1030,MERCEDES BENZ,E1030005,E-CLASS
E1030,MERCEDES BENZ,E1030006,G-CLASS
E1030,MERCEDES BENZ,E1030007,M-CLASS
E1030,MERCEDES BENZ,E1030008,S-CLASS
E1030,MERCEDES BENZ,E1030008,S-CLASS
E1030,MERCEDES BENZ,E1030008,S-CLASS
E1030,MERCEDES BENZ,E1030009,SL-CLASS
E1030,MERCEDES BENZ,E1030009,SL-CLASS
E1030,MERCEDES BENZ,E1030010,SLK-CLASS
E1030,MERCEDES BENZ,E1030010,SLK-CLASS
E1030,MERCEDES BENZ,E1030011,CLS-CLASS
E1030,MERCEDES BENZ,E1030011,CLS-CLASS
E1030,MERCEDES BENZ,E1030012,SLR MCLAREN
E1030,MERCEDES BENZ,E1030012,SLR MCLAREN
E1030,MERCEDES BENZ,E1030013,VIANO
E1030,MERCEDES BENZ,E1030013,VIANO
E1030,MERCEDES BENZ,E1030013,VIANO
E1030,MERCEDES BENZ,E1030014,B-CLASS
E1030,MERCEDES BENZ,E1030015,GL-CLASS
E1030,MERCEDES BENZ,E1030016,R-CLASS
E1030,MERCEDES BENZ,E1030017,SPRINTER
E1030,MERCEDES BENZ,E1030017,SPRINTER
E1030,MERCEDES BENZ,E1030018,GLK-CLASS
E1030,MERCEDES BENZ,E1030019,CLC-CLASS
E1030,MERCEDES BENZ,E1030020,SLS AMG
E1030,MERCEDES BENZ,E1030020,SLS AMG
E1030,MERCEDES BENZ,E1030021,CLA-CLASS
E1030,MERCEDES BENZ,E1030021,CLA-CLASS
E1030,MERCEDES BENZ,E1030022,GLA-CLASS
E1030,MERCEDES BENZ,E1030023,SLC-CLASS
E1030,MERCEDES BENZ,E1030024,V-CLASS
E1030,MERCEDES BENZ,E1030025,AMG
E1030,MERCEDES BENZ,E1030025,AMG
E1030,MERCEDES BENZ,E1030026,GLE-CLASS
E1030,MERCEDES BENZ,E1030026,GLE-CLASS
E1030,MERCEDES BENZ,E1030027,GLC-CLASS
E1030,MERCEDES BENZ,E1030027,GLC-CLASS
E1030,MERCEDES BENZ,E1030028,GLS-CLASS
E1030,MERCEDES BENZ,E1030029,S33
E1031,MERCURY,E1031001,GRAND MARQUIS
E1031,MERCURY,E1031002,MARAUDER
E1031,MERCURY,E1031003,MOUNTAINEER
E1031,MERCURY,E1031004,MARINER
E1031,MERCURY,E1031005,MONTEGO
E1031,MERCURY,E1031006,MILAN
E1032,MINI,E1032001,COOPER
E1032,MINI,E1032001,COOPER
E1032,MINI,E1032001,COOPER
E1032,MINI,E1032002,CLUBMAN
E1032,MINI,E1032003,COUNTRYMAN
E1032,MINI,E1032003,COUNTRYMAN
E1032,MINI,E1032005,ROADSTER
E1032,MINI,E1032006,PACEMAN
E1032,MINI,E1032007,PACKMAN
E1032,MINI,E1032008,JOHN COOPER WORKS
E1032,MINI,E1032008,JOHN COOPER WORKS
E1033,MITSUBISHI,E1033002,ECLIPSE
E1033,MITSUBISHI,E1033003,GALANT
E1033,MITSUBISHI,E1033004,L200
E1033,MITSUBISHI,E1033004,L200
E1033,MITSUBISHI,E1033004,L200
E1033,MITSUBISHI,E1033005,L300
E1033,MITSUBISHI,E1033005,L300
E1033,MITSUBISHI,E1033005,L300
E1033,MITSUBISHI,E1033006,LANCER
E1033,MITSUBISHI,E1033007,MAGNA
E1033,MITSUBISHI,E1033008,OUTLANDER
E1033,MITSUBISHI,E1033009,PAJERO
E1033,MITSUBISHI,E1033010,PAJERO IO
E1033,MITSUBISHI,E1033011,ROSA
E1033,MITSUBISHI,E1033012,LANCER EVO
E1033,MITSUBISHI,E1033013,NATIVA
E1033,MITSUBISHI,E1033014,COLT
E1033,MITSUBISHI,E1033015,GRANDIS
E1033,MITSUBISHI,E1033016,LANCER EX
E1033,MITSUBISHI,E1033017,PAJERO SPORT
E1033,MITSUBISHI,E1033018,LANCER FORTIS
E1033,MITSUBISHI,E1033019,ASX
E1033,MITSUBISHI,E1033020,ATTRAGE
E1033,MITSUBISHI,E1033020,ATTRAGE
E1033,MITSUBISHI,E1033021,MIRAGE
E1033,MITSUBISHI,E1033022,MONTERO SPORT
E1033,MITSUBISHI,E1033023,ECLIPSE CROSS
E1034,NISSAN,E1034001,350Z
E1034,NISSAN,E1034001,350Z
E1034,NISSAN,E1034002,ALMERA
E1034,NISSAN,E1034003,ALTIMA
E1034,NISSAN,E1034003,ALTIMA
E1034,NISSAN,E1034004,CIVILIAN
E1034,NISSAN,E1034005,FRONTIER
105009,BMW- 1 Series,105009005,1 Series - 118i
105009,BMW- 1 Series,105009003,1 Series - 120i
105009,BMW- 1 Series,105009002,1 Series - 116i SE
105001,BMW- 3 Series,105001001,3 Series - 318
105001,BMW- 3 Series,105001005,3 Series - 318ti
105001,BMW- 3 Series,105001007,3 Series - 325ti
105001,BMW- 3 Series,105001009,3 Series - 320i Saloon 2.0L
105001,BMW- 3 Series,105001011,3 Series - 328i Saloon
105001,BMW- 3 Series,105001028,3 Series - 318d Touring
105001,BMW- 3 Series,105001027,3 Series - 330i Touring
105001,BMW- 3 Series,105001026,3 Series - 328i Touring
105001,BMW- 3 Series,105001025,3 Series - 325i
105001,BMW- 3 Series,105001024,3 Series - 320i Touring
105001,BMW- 3 Series,105001023,3 Series - 318i Touring
105001,BMW- 3 Series,105001022,3 Series - 316i
105001,BMW- 3 Series,105001021,3 Series - 330Ci Coupe
105001,BMW- 3 Series,105001020,3 Series - 328Ci Coupe
105001,BMW- 3 Series,105001019,3 Series - 325Ci Coupe
105001,BMW- 3 Series,105001018,3 Series - 323Ci Coupe
105001,BMW- 3 Series,105001017,3 Series - 320Ci Coupe
105001,BMW- 3 Series,105001016,3 Series - 320Ci Coupe
105001,BMW- 3 Series,105001015,3 Series - 318Ci Coupe
105001,BMW- 3 Series,105001014,3 Series - 330d Saloon
105001,BMW- 3 Series,105001013,3 Series - 320d Saloon
105001,BMW- 3 Series,105001012,3 Series - 318d Saloon
105001,BMW- 3 Series,105001035,3 Series - 330Ci Convertible
105001,BMW- 3 Series,105001034,3 Series - 325Ci Convertible
105001,BMW- 3 Series,105001033,3 Series - 323Ci Convertible
105001,BMW- 3 Series,105001032,3 Series - 320Ci Convertible
105001,BMW- 3 Series,105001031,3 Series - 318Ci Convertible
105001,BMW- 3 Series,105001030,3 Series - 330d Touring
105001,BMW- 3 Series,105001029,3 Series - 320d Touring
105001,BMW- 3 Series,105001010,3 Series - 323i Saloon
105001,BMW- 3 Series,105001008,3 Series - 316ti
105001,BMW- 3 Series,105001006,3 Series - 320ti
105001,BMW- 3 Series,105001004,3 Series - 316i
105001,BMW- 3 Series,105001002,3 Series - 325 Saloon 3.0L
105001,BMW- 3 Series,105001003,3 Series - 330 Saloon 3.0L
105002,BMW- 5 Series,105002001,5 Series - 4.8i
105002,BMW- 5 Series,105002003,5 Series - 530i
105002,BMW- 5 Series,105002023,5 Series - 530d Touring
105002,BMW- 5 Series,105002022,5 Series - 525d Touring
105002,BMW- 5 Series,105002021,5 Series - 520d Touring
105002,BMW- 5 Series,105002020,5 Series - 545i Touring
105002,BMW- 5 Series,105002019,5 Series - 540i Touring
105002,BMW- 5 Series,105002018,5 Series - 530i Touring
105002,BMW- 5 Series,105002017,5 Series - 528i Touring
105002,BMW- 5 Series,105002016,5 Series - 525i Touring
105002,BMW- 5 Series,105002015,5 Series - 523i Touring
105002,BMW- 5 Series,105002014,5 Series - 520i Touring
105002,BMW- 5 Series,105002013,5 Series - 518i Touring
105002,BMW- 5 Series,105002012,5 Series - 530d
105002,BMW- 5 Series,105002011,5 Series - 525d
105002,BMW- 5 Series,105002010,5 Series - 520d
105002,BMW- 5 Series,105002009,5 Series - 540i
105002,BMW- 5 Series,105002008,5 Series - 535i
105002,BMW- 5 Series,105002007,5 Series - 528i
105002,BMW- 5 Series,105002006,5 Series - 523i
105002,BMW- 5 Series,105002005,5 Series - 518i
105002,BMW- 5 Series,105002004,5 Series - 545i
105002,BMW- 5 Series,105002025,5 Series - 550i
105002,BMW- 5 Series,105002024,5 Series - 530ia
105002,BMW- 5 Series,105002026,5 Series - 535 GTI
105002,BMW- 5 Series,105002002,5 Series - 525i
105004,BMW- 7 Series,105004001,7 Series - 735Li
105004,BMW- 7 Series,105004005,7 Series - 725i
105004,BMW- 7 Series,105004007,7 Series - 730i
105004,BMW- 7 Series,105004009,7 Series - 730d
105004,BMW- 7 Series,105004011,7 Series - 730Li
105004,BMW- 7 Series,105004017,BMW 750 Li
105004,BMW- 7 Series,105004016,L7
105010,Mini Cooper,105010,Mini Cooper
135001,Mini,135001007,Cooper Convertible - 170 bhp
135001,Mini,135001004,One
135001,Mini,135001002,Cooper S
135001,Mini,135001001,Cooper
135001,Mini,135001003,Cooper S Works
135001,Mini,135001005,Cooper - 1.616v S Works
135001,Mini,135001006,Cooper Convertible - 115 bhp
199188,,199188001,Mini Cooper Clubman
199105,Mitsubishi ASX,19910501,Mitsubishi ASX
136009,Mitsubishi - Canter,136009001,Mitshubishi - Canter
136009,Mitsubishi - Canter,1360090002,Mitsubishi Canter with Crane
136009,Mitsubishi - Canter,136009003,Mitsubishi Canter Tipper Truck
136009,Mitsubishi - Canter,136009004,Mitsubishi Canter Freezer Pick Up
136009,Mitsubishi - Canter,136009005,Mitsubishi Canter with Box
136009,Mitsubishi - Canter,136009006,Mitsubishi Canter with Tail Gate
136015,Mitsubishi - Crane,136015001,Mitsubishi - Fuzo - Crane
136010,Mitsubishi - Dump,136010001,Mitsubishi - Dump
136001,Mitsubishi - Galant,136001001,Galant - 2.4L
136016,Mitsubishi - Grandis,136016,Mitsubishi Grandis
136002,Mitsubishi - Lancer,136002002,Lancer 1.6 L
136002,Mitsubishi - Lancer,136002003,Lancer 2.0 L
136002,Mitsubishi - Lancer,136002001,Lancer 1.3 L
136003,Mitsubishi - Magna,136003001,Magna 3.5 L
136013,Mitsubishi - Minibus,136013001,Mitsubishi - Rosa
136013,Mitsubishi - Minibus,136013002,Mitsubishi L300
136005,Mitsubishi - Nativa,136005001,Nativa
136007,Mitsubishi - Outlander,136007001,Outlander 2.4L
136006,Mitsubishi - Pajero,136006003,Pajero 3.8 L
136006,Mitsubishi - Pajero,136006002,Pajero 3.5 L
136004,Mitsubishi - Pajero io,136004001,Pajero io (2 Door)
136008,Mitsubishi - Space Wagon,136008001,Space Wagon
136014,Mitsubishi - Truck,136014001,Mitsubishi - Truck
136014,Mitsubishi - Truck,136014002,Mitsubishi Fuso With Crane
136012,Mitsubishi - Van,136012001,Mitsubishi - Van
199107,MITSUBISHI ELECTRIC CAR,199107,Mitsubishi Electric Car
199032,Mitsubishi Forklift,199032,Mitsubishi Forklift
199068,Mitsubishi Fuso,199068,Mitsubishi Fuso
199068,Mitsubishi Fuso,1990680001,Mitsubishi Fuso With Box
136011,Mitsubishi L 200 - Pickup,136011001,Mitsubishi L 200 - Pickup
199094,Mitsubishi L300,199094,Mitsubishi L300
136002003,Mitsubishi Lancer Evolution,,Mitsubishi Lancer Evolution
199026,Mitsubishi MG500S Grader,199026,Mitsubishi MG500S Grader
199083,Mitsubishi Montero,199083,Mitsubishi Montero
136017,Mitsubishi Pick Up,,
136018,Mitsubishi Rosa,136018,Mitsubishi Rosa
162001,Navistar Truck,162001001,Navister Truck
199049,New Holland Excavator,199049,New Holland Excavator
199034,New Holland Telehandler,199034,New Holland Telehandler
137003,Nissan - 350 Z,137003001,350 Z Coupe
137003,Nissan - 350 Z,137003002,350 Z Convertible
137017,Nissan - Altima,137017001,Nissan - Altima 2.5L
137017,Nissan - Altima,137017002,Nissan - Altima 3.0L
137017,Nissan - Altima,137017004,Nissan - Altima Coupe 2.5L
137017,Nissan - Altima,137017003,Nissan - Altima 3.5L
137019,Nissan - Armada,137019,Nissan Armada
137013,Nissan - Bluebird,137013,Nissan - Bluebird
137018,Nissan - Civilian 30S,137018,Nissan - Civilian 30S
137009,Nissan - Dumper,137009001,Nissan - Dumper
137024,Nissan - E24 Bus,137024001,Nissan - E24 Bus
199139,Nissan - E25 Freezer Van,199139,Freezer Van
137007,Nissan - E25 Minibus,137007001,Nissan - E25 Minibus
137011,Nissan - Infinity,137011001,Nissan - Infinity
137002,Nissan - Maxima,137002001,Maxima 3.0 L
137002,Nissan - Maxima,137002002,Maxima 3.5 L
137015,Nissan - Murano,137015,Nissan - Murano
137005,Nissan - Pathfinder,137005001,Pathfinder
137005,Nissan - Pathfinder,137005002,Pathfinder SV
137006,Nissan - Patrol,137006001,Patrol XE
105004,BMW- 7 Series,105004015,7 Series - 740Li
105004,BMW- 7 Series,105004014,7 Series - 730Li
105004,BMW- 7 Series,105004013,7 Series - 725Li
105004,BMW- 7 Series,105004012,7 Series - 745Li
105004,BMW- 7 Series,105004010,7 Series - 740Li
105004,BMW- 7 Series,105004008,7 Series - 750Li
105004,BMW- 7 Series,105004006,7 Series - 728i
105004,BMW- 7 Series,105004003,7 Series - 745 Li
105004,BMW- 7 Series,105004002,7 Series - 745i
105004,BMW- 7 Series,105004004,7 Series - 760 Li
105008,BMW- M Series,105008001,M3 Coupe - 286 bhp
105008,BMW- M Series,105008002,M3 Coupe - 312 bhp
105008,BMW- M Series,105008004,M3 Convertible - 286 bhp
105008,BMW- M Series,105008006,M3 Convertible - 343 bhp
105008,BMW- M Series,105008008,M5
105008,BMW- M Series,105008010,M Roadster
105008,BMW- M Series,105008009,M Coupe
105008,BMW- M Series,105008007,M5  Saloon
105008,BMW- M Series,105008005,M3 Convertible - 321 bhp
105008,BMW- M Series,105008003,M3 Coupe - 343 bhp
199090,Bmw Motorcycle,19909002,BMW R1150GS
199090,Bmw Motorcycle,199090001,BMW R1150RT
105006,BMW- X3,105006001,X3 - 3.0 L
105006,BMW- X3,105006002,X3 - 2.0i
105006,BMW- X3,105006004,X3 - 2.5i
105006,BMW- X3,105006003,X3 - 2.2i
105007,BMW- X5,105007001,X5 - 3.0 L
105007,BMW- X5,105007005,X5 3.0d
105007,BMW- X5,105007004,X5 4.6iS
105007,BMW- X5,105007002,X5 - 3.0 Diesel
105007,BMW- X5,105007,BMW - X5 4.8i
105007,BMW- X5,105007003,X5 4.4i
199116,BMW- X6,199116,X6 - 3.0L
105005,BMW- Z Series,105005001,Z3 Series - 2.5 L
105005,BMW- Z Series,105005002,Z3 Series - 3.0 L
105005,BMW- Z Series,105005010,Z8
166001,Daewoo - Nubira,166001,Daewoo - Nubira
166004,Daewoo - Renault,166004,Daewoo - Renault
199061,Daewoo Leganza,199061,Daewoo Leganza
199069,Daewoo Trailer,199069,Daewoo Trailer
199067,Daewoo Truck,199067,Daewoo Truck
109006,Daihatsu - Appalause,109006,Daihatsu Appalause
109004,Daihatsu - Delta,109004001,Delta
109005,Daihatsu - Grand Move,109005001,Delta - Grand Mover
109001,Daihatsu - Sirion,109001001,Sirion
109003,Daihatsu - Terios,109003001,Terios
199211,Ford 500,199211,Ford 500